입장일자,국가명,외국인 입장객 수
2025-08-01,뉴질랜드,1
2025-08-01,대만,3
2025-08-01,독일,1
2025-08-01,몽골,6
2025-08-01,미국,10
2025-08-01,오스트레일리아,1
2025-08-01,우즈베키스탄,2
2025-08-01,중국,90
2025-08-01,캄보디아,1
2025-08-01,캐나다,4
2025-08-01,태국,4
2025-08-01,파라과이,1
2025-08-02,뉴질랜드,2
2025-08-02,대만,3
2025-08-02,러시아,1
2025-08-02,몽골,3
2025-08-02,미국,9
2025-08-02,스리랑카,7
2025-08-02,싱가포르,2
2025-08-02,일본,2
2025-08-02,중국,89
2025-08-02,캐나다,2
2025-08-02,키르기스스탄,2
2025-08-02,태국,3
2025-08-02,파라과이,1
2025-08-02,필리핀,1
2025-08-03,뉴질랜드,1
2025-08-03,대만,2
2025-08-03,독일,2
2025-08-03,러시아,1
2025-08-03,몽골,4
2025-08-03,미국,3
2025-08-03,일본,2
2025-08-03,중국,69
2025-08-03,캐나다,1
2025-08-03,태국,3
2025-08-03,파라과이,2
2025-08-04,뉴질랜드,1
2025-08-04,대만,5
2025-08-04,러시아,2
2025-08-04,몽골,1
2025-08-04,미국,7
2025-08-04,일본,1
2025-08-04,중국,48
2025-08-04,캐나다,2
2025-08-04,태국,1
2025-08-04,파라과이,1
2025-08-05,대만,3
2025-08-05,미국,7
2025-08-05,인도네시아,1
2025-08-05,일본,1
2025-08-05,중국,53
2025-08-05,캐나다,1
2025-08-05,파라과이,1
2025-08-06,대만,2
2025-08-06,미국,4
2025-08-06,오스트레일리아,1
2025-08-06,중국,41
2025-08-06,캐나다,1
2025-08-06,태국,1
2025-08-06,홍콩,2
2025-08-07,대만,2
2025-08-07,러시아,1
2025-08-07,미국,5
2025-08-07,우즈베키스탄,2
2025-08-07,일본,2
2025-08-07,중국,32
2025-08-07,캐나다,2
2025-08-07,태국,2
2025-08-07,파라과이,1
2025-08-07,홍콩,5
2025-08-08,뉴질랜드,1
2025-08-08,대만,2
2025-08-08,러시아,2
2025-08-08,미국,7
2025-08-08,일본,2
2025-08-08,중국,44
2025-08-08,태국,4
2025-08-08,파라과이,1
2025-08-09,뉴질랜드,1
2025-08-09,대만,1
2025-08-09,몽골,3
2025-08-09,미국,6
2025-08-09,스리랑카,2
2025-08-09,일본,3
2025-08-09,중국,53
2025-08-09,캐나다,1
2025-08-09,태국,3
2025-08-09,파라과이,1
2025-08-10,대만,2
2025-08-10,러시아,3
2025-08-10,미국,8
2025-08-10,우즈베키스탄,1
2025-08-10,인도네시아,1
2025-08-10,일본,4
2025-08-10,중국,62
2025-08-10,캐나다,1
2025-08-10,태국,4
2025-08-10,필리핀,1
2025-08-11,뉴질랜드,1
2025-08-11,대만,3
2025-08-11,미국,8
2025-08-11,우즈베키스탄,1
2025-08-11,일본,5
2025-08-11,중국,45
2025-08-11,캐나다,5
2025-08-11,태국,2
2025-08-11,필리핀,1
2025-08-11,홍콩,1
2025-08-12,대만,3
2025-08-12,몽골,2
2025-08-12,미국,12
2025-08-12,우즈베키스탄,2
2025-08-12,일본,2
2025-08-12,중국,41
2025-08-12,캐나다,5
2025-08-12,태국,1
2025-08-12,파라과이,1
2025-08-12,필리핀,1
2025-08-13,대만,3
2025-08-13,러시아,1
2025-08-13,몽골,7
2025-08-13,미국,14
2025-08-13,우즈베키스탄,1
2025-08-13,이탈리아,1
2025-08-13,중국,43
2025-08-13,캐나다,2
2025-08-13,태국,1
2025-08-13,튀르키예공화국,1
2025-08-13,파라과이,2
2025-08-13,프랑스,2
2025-08-13,홍콩,1
2025-08-14,뉴질랜드,3
2025-08-14,대만,2
2025-08-14,말레이시아,35
2025-08-14,몽골,2
2025-08-14,미국,11
2025-08-14,우즈베키스탄,2
2025-08-14,중국,50
2025-08-14,캐나다,1
2025-08-14,태국,1
2025-08-14,파라과이,1
2025-08-14,홍콩,5
2025-08-15,네덜란드,1
2025-08-15,뉴질랜드,1
2025-08-15,대만,5
2025-08-15,몽골,1
2025-08-15,미국,7
2025-08-15,이탈리아,1
2025-08-15,일본,2
2025-08-15,중국,62
2025-08-15,캐나다,2
2025-08-15,태국,1
2025-08-15,파키스탄,1
2025-08-16,뉴질랜드,3
2025-08-16,대만,3
2025-08-16,러시아,1
2025-08-16,모로코,1
2025-08-16,몽골,1
2025-08-16,미국,8
2025-08-16,일본,4
2025-08-16,중국,54
2025-08-16,태국,9
2025-08-16,파라과이,1
2025-08-17,대만,1
2025-08-17,러시아,3
2025-08-17,미국,12
2025-08-17,인도네시아,1
2025-08-17,일본,2
2025-08-17,중국,46
2025-08-17,카자흐스탄,1
2025-08-17,태국,5
2025-08-17,파라과이,1
2025-08-17,프랑스,2
2025-08-17,홍콩,2
2025-08-18,대만,4
2025-08-18,러시아,1
2025-08-18,몽골,1
2025-08-18,미국,11
2025-08-18,오스트레일리아,1
2025-08-18,우즈베키스탄,1
2025-08-18,인도네시아,1
2025-08-18,일본,1
2025-08-18,중국,40
2025-08-18,캐나다,1
2025-08-18,키르기스스탄,1
2025-08-18,태국,1
2025-08-18,튀르키예공화국,1
2025-08-18,파라과이,1
2025-08-18,홍콩,4
2025-08-19,대만,5
2025-08-19,미국,9
2025-08-19,오스트레일리아,2
2025-08-19,중국,31
2025-08-19,캐나다,3
2025-08-19,태국,1
2025-08-20,대만,6
2025-08-20,미국,10
2025-08-20,오스트레일리아,1
2025-08-20,중국,44
2025-08-20,캐나다,2
2025-08-20,태국,2
2025-08-20,파라과이,1
2025-08-21,대만,4
2025-08-21,마카오,1
2025-08-21,미국,15
2025-08-21,일본,1
2025-08-21,중국,38
2025-08-21,캐나다,3
2025-08-21,태국,2
2025-08-21,파라과이,1
2025-08-22,대만,6
2025-08-22,몽골,1
2025-08-22,미국,11
2025-08-22,스위스,1
2025-08-22,오스트레일리아,1
2025-08-22,일본,1
2025-08-22,중국,50
2025-08-22,캐나다,2
2025-08-22,태국,7
2025-08-22,파라과이,1
2025-08-23,뉴질랜드,1
2025-08-23,대만,3
2025-08-23,몽골,2
2025-08-23,미국,12
2025-08-23,일본,2
2025-08-23,중국,63
2025-08-23,캐나다,2
2025-08-23,태국,5
2025-08-23,파라과이,1
2025-08-23,프랑스,2
2025-08-23,필리핀,1
2025-08-23,홍콩,12
2025-08-24,대만,2
2025-08-24,몽골,1
2025-08-24,미국,12
2025-08-24,인도네시아,1
2025-08-24,일본,2
2025-08-24,중국,56
2025-08-24,캐나다,4
2025-08-24,태국,2
2025-08-24,파라과이,1
2025-08-24,필리핀,2
2025-08-25,대만,3
2025-08-25,몽골,9
2025-08-25,미국,5
2025-08-25,우즈베키스탄,1
2025-08-25,인도네시아,1
2025-08-25,일본,2
2025-08-25,중국,42
2025-08-25,캐나다,3
2025-08-25,태국,2
2025-08-25,파라과이,1
2025-08-26,대만,3
2025-08-26,몽골,3
2025-08-26,미국,8
2025-08-26,인도네시아,1
2025-08-26,일본,2
2025-08-26,중국,36
2025-08-26,캐나다,3
2025-08-26,태국,4
2025-08-26,파라과이,1
2025-08-26,프랑스,1
2025-08-26,홍콩,3
2025-08-27,대만,4
2025-08-27,미국,11
2025-08-27,중국,48
2025-08-27,캐나다,3
2025-08-27,태국,1
2025-08-27,프랑스,1
2025-08-27,홍콩,5
2025-08-28,대만,2
2025-08-28,독일,2
2025-08-28,몽골,1
2025-08-28,미국,15
2025-08-28,중국,45
2025-08-28,캐나다,2
2025-08-28,파라과이,1
2025-08-29,대만,1
2025-08-29,몽골,1
2025-08-29,미국,15
2025-08-29,중국,49
2025-08-29,캐나다,2
2025-08-29,태국,2
2025-08-29,파라과이,1
2025-08-30,네팔,2
2025-08-30,뉴질랜드,1
2025-08-30,대만,3
2025-08-30,미국,12
2025-08-30,인도,35
2025-08-30,일본,2
2025-08-30,중국,58
2025-08-30,태국,1
2025-08-30,파라과이,1
2025-08-30,필리핀,1
2025-08-31,뉴질랜드,1
2025-08-31,대만,2
2025-08-31,독일,2
2025-08-31,러시아,1
2025-08-31,미국,3
2025-08-31,베트남,15
2025-08-31,인도네시아,1
2025-08-31,중국,54
2025-08-31,캐나다,1
2025-08-31,파라과이,1
